[{"home_1":["thb_latestimages_widget-2","thb_categoryposts_widget-2","thb_socialcounter_widget-2"],"home_2":["thb_singlead_widget-2","thb_featuredvideo_widget-2","thb_discussedimages_widget-2"],"blog":["search-2","archives-2","categories-2","meta-2"],"single":["thb_singlead_widget-4","thb_latestimages_widget-3"],"category":["thb_singlead_widget-5","thb_latestimages_widget-4"],"author":["thb_discussedimages_widget-3","thb_categoryposts_widget-3"],"footer1":["text-2"],"footer2":["categories-3"],"footer3":["nav_menu-3"]},{"thb_latestimages_widget":{"2":{"title":"Latest Posts","show":"4","style":"style1"},"3":{"title":"Latest Posts","show":"3","style":"style2"},"4":{"title":"Latest Posts","show":"5","style":"style1"},"_multiwidget":1},"thb_categoryposts_widget":{"2":{"title":"Google","show":"4","category":"3","thumbs":"thumbs-no"},"3":{"title":"Widget Title","show":"3","category":"2","thumbs":"thumbs-no"},"_multiwidget":1},"thb_socialcounter_widget":{"2":{"title":"Follow Us","Twitter":"on","Facebook":"on","Instagram":"","Google":"on","style":"style2"},"_multiwidget":1},"thb_singlead_widget":{"2":{"ad_code":"<img src=\"http:\/\/goodlife.fuelthemes.net\/technology-demo\/wp-content\/uploads\/sites\/8\/2016\/01\/thb_tech.png\" alt=\"Ad Widget\" style=\"margin-left: 10px;\" \/>"},"4":{"ad_code":"<img src=\"http:\/\/goodlife.fuelthemes.net\/technology-demo\/wp-content\/uploads\/sites\/8\/2016\/01\/thb_asd.jpg\" alt=\"Ad Widget\" style=\"margin-left: 13px;\" \/>"},"5":{"ad_code":"<img src=\"http:\/\/goodlife.fuelthemes.net\/technology-demo\/wp-content\/uploads\/sites\/8\/2016\/01\/thb_asd.jpg\" alt=\"Ad Widget\" style=\"margin-left: 13px;\" \/>"},"_multiwidget":1},"thb_featuredvideo_widget":{"2":{"title":"Featured Video","video_title":"","embed":"https:\/\/vimeo.com\/46304267"},"_multiwidget":1},"thb_discussedimages_widget":{"2":{"title":"Most Discussed","show":"5"},"3":{"title":"Most Discussed","show":"4"},"_multiwidget":1},"search":{"2":{"title":""},"_multiwidget":1},"archives":{"2":{"title":"","count":0,"dropdown":0},"_multiwidget":1},"categories":{"2":{"title":"","count":0,"hierarchical":0,"dropdown":0},"3":{"title":"Categories","count":1,"hierarchical":0,"dropdown":0},"_multiwidget":1},"meta":{"2":{"title":""},"_multiwidget":1},"text":{"2":{"title":"","text":"<img src=\"http:\/\/goodlife.fuelthemes.net\/technology-demo\/wp-content\/uploads\/sites\/8\/2016\/01\/white.png\" class=\"logoimg\" width=\"185\" alt=\"Technology Demo\" scale=\"0\" style=\"margin-bottom: 20px;\">\r\n\r\n\r\nIt must be borne in mind that all this time we have a Sperm Whale's prodigious head hanging to the Pequod's side. But we must let it continue hanging there a while till we can get a chance to attend to it. For the present other matters press, and the best we can do now for the head, is to pray heaven the tackles may hold.","filter":true},"_multiwidget":1},"nav_menu":{"3":{"title":"Quick Links","nav_menu":80},"_multiwidget":1}}]