[{"home_1":["search-3","thb_discussedimages_widget-2","thb_postslider_widget-2"],"home_2":["thb_viewedimages_widget-2","thb_topreviews_widget-2"],"blog":["search-2","recent-posts-2","recent-comments-2","archives-2","categories-2","meta-2"],"single":["tag_cloud-2","thb_latestimages_widget-2"],"category":["thb_subscribe_widget-2"],"author":["thb_latestimages_widget-3","thb_featuredvideo_widget-2"],"footer1":["text-2"],"footer2":["thb_latestimages_widget-4"],"footer3":["thb_categoryslider_widget-2"],"footer4":["thb_socialcounter_widget-2","thb_subscribe_widget-3"]},{"search":{"3":{"title":"Search"},"2":{"title":""},"_multiwidget":1},"thb_discussedimages_widget":{"2":{"title":"Discussions","show":"5"},"_multiwidget":1},"thb_postslider_widget":{"2":{"title":"Featured News","ids":"11,15,17"},"_multiwidget":1},"thb_viewedimages_widget":{"2":{"title":"Most Viewed","show":"5"},"_multiwidget":1},"thb_topreviews_widget":{"2":{"title":"Top Reviews","show":"5","style":"style1"},"_multiwidget":1},"recent-posts":{"2":{"title":"","number":5},"_multiwidget":1},"recent-comments":{"2":{"title":"","number":5},"_multiwidget":1},"archives":{"2":{"title":"","count":0,"dropdown":0},"_multiwidget":1},"categories":{"2":{"title":"","count":0,"hierarchical":0,"dropdown":0},"_multiwidget":1},"meta":{"2":{"title":""},"_multiwidget":1},"tag_cloud":{"2":{"title":"","taxonomy":"post_tag"},"_multiwidget":1},"thb_latestimages_widget":{"2":{"title":"Latest Posts","show":"5"},"3":{"title":"Latest Posts","show":"7"},"4":{"title":"Latest Posts","show":"3","style":"style1"},"_multiwidget":1},"thb_subscribe_widget":{"2":{"title":"Subscribe Today","desc":"Subscribe today to receive daily updates"},"3":{"title":"Subscribe","desc":""},"_multiwidget":1},"thb_featuredvideo_widget":{"2":{"title":"Featured Video","video_title":"","embed":"https:\/\/vimeo.com\/96536411"},"_multiwidget":1},"text":{"2":{"title":"","text":"<img src=\"http:\/\/ptdfx1yye4z3tcsy8l12bdc1.wpengine.netdna-cdn.com\/music-demo\/wp-content\/uploads\/sites\/6\/2015\/10\/white-yellow.png\" class=\"logoimg\" alt=\"Music Demo\" scale=\"0\" width=\"175\">\r\n\r\nHair colors, like everything else, are to trends. For a while, bleached was big. Then there were the candy colors\u2014baby pink, baby blue\u2026Red hair isn\u2019t really, though. It seems like people who are red-headed, by nature or by the.\r\n\r\nContact Us: <strong>hello@fuelthemes.net<\/strong>","filter":true},"_multiwidget":1},"thb_categoryslider_widget":{"2":{"title":"Widget Title","show":"3","category":"8"},"_multiwidget":1},"thb_socialcounter_widget":{"2":{"title":"Follow Us","Twitter":"on","Facebook":"on","Instagram":"on","Google":""},"_multiwidget":1}}]