[{"home_1":["thb_latestimages_widget-2","thb_singlead_widget-2","thb_socialcounter_widget-2"],"home_2":["thb_categoryposts_widget-2","thb_multiplead_widget-2"],"blog":["search-2","recent-posts-2","recent-comments-2","archives-2","categories-2","meta-2"],"single":["thb_latestimages_widget-3","thb_socialcounter_widget-4"],"category":["thb_socialcounter_widget-3","thb_latestimages_widget-4"],"author":["thb_discussedimages_widget-3"],"footer1":["thb_viewedimages_widget-2"],"footer2":["thb_sharedimages_widget-2"],"footer3":["thb_discussedimages_widget-2"]},{"thb_latestimages_widget":{"2":{"title":"Latest Posts","show":"5"},"3":{"title":"Latest Posts","show":"5","style":"style1"},"4":{"title":"Latest Posts","show":"3"},"_multiwidget":1},"thb_singlead_widget":{"2":{"ad_code":"<img src=\"http:\/\/goodlife.fuelthemes.net\/sports-demo\/wp-content\/uploads\/sites\/4\/2015\/11\/336.jpg\" alt=\"Ad Widget\" \/>"},"_multiwidget":1},"thb_socialcounter_widget":{"2":{"Twitter":"on","Facebook":"on","Instagram":"on","Google":"on"},"4":{"title":"Follow Us","Twitter":"on","Facebook":"on","Instagram":"on","Google":"on"},"3":{"title":"Follow Us","Twitter":"on","Facebook":"on","Instagram":"on","Google":"on"},"_multiwidget":1},"thb_categoryposts_widget":{"2":{"title":"Widget Title","show":"5","category":"3"},"_multiwidget":1},"thb_multiplead_widget":{"2":{"title":"ADS","ad_code1":"<img src=\"http:\/\/goodlife.fuelthemes.net\/sports-demo\/wp-content\/uploads\/sites\/4\/2015\/11\/125.jpg\" alt=\"Ad Widget\" \/>","ad_code2":"<img src=\"http:\/\/goodlife.fuelthemes.net\/sports-demo\/wp-content\/uploads\/sites\/4\/2015\/11\/125.jpg\" alt=\"Ad Widget\" \/>","ad_code3":"<img src=\"http:\/\/goodlife.fuelthemes.net\/sports-demo\/wp-content\/uploads\/sites\/4\/2015\/11\/125.jpg\" alt=\"Ad Widget\" \/>","ad_code4":"<img src=\"http:\/\/goodlife.fuelthemes.net\/sports-demo\/wp-content\/uploads\/sites\/4\/2015\/11\/125.jpg\" alt=\"Ad Widget\" \/>"},"_multiwidget":1},"search":{"2":{"title":""},"_multiwidget":1},"recent-posts":{"2":{"title":"","number":5},"_multiwidget":1},"recent-comments":{"2":{"title":"","number":5},"_multiwidget":1},"archives":{"2":{"title":"","count":0,"dropdown":0},"_multiwidget":1},"categories":{"2":{"title":"","count":0,"hierarchical":0,"dropdown":0},"_multiwidget":1},"meta":{"2":{"title":""},"_multiwidget":1},"thb_discussedimages_widget":{"3":{"title":"Most Discussed","show":"5"},"2":{"title":"Most Discussed","show":"4"},"_multiwidget":1},"thb_viewedimages_widget":{"2":{"title":"Most Viewed","show":"5"},"_multiwidget":1},"thb_sharedimages_widget":{"2":{"title":"Most Shared","show":"4"},"_multiwidget":1}}]