[{"home_1":["thb_socialcounter_widget-2","thb_subscribe_widget-2"],"home_2":["thb_categoryslider_widget-2","thb_singlead_widget-2"],"blog":["search-2","recent-posts-2","recent-comments-2","archives-2","categories-2"],"single":["tag_cloud-2","thb_socialcounter_widget-3"],"category":["thb_latestimages_widget-3","thb_subscribe_widget-3"],"author":["thb_subscribe_widget-4"],"footer1":["thb_latestimages_widget-2"],"footer2":["thb_discussedimages_widget-3"],"footer3":["thb_viewedimages_widget-2"]},{"thb_socialcounter_widget":{"2":{"Twitter":"on","Facebook":"on","Instagram":"on","Google":"on","title":"Follow Us"},"3":{"title":"Stalk US!","Twitter":"on","Facebook":"on","Instagram":"on","Google":"on"},"_multiwidget":1},"thb_subscribe_widget":{"2":{"title":"Subscribe Today","desc":""},"3":{"title":"Subscribe Today","desc":""},"4":{"title":"","desc":""},"_multiwidget":1},"thb_categoryslider_widget":{"2":{"title":"Fashion","show":"3","category":"2"},"_multiwidget":1},"thb_singlead_widget":{"2":{"ad_code":"<img src=\"http:\/\/goodlife.fuelthemes.net\/fashion-demo\/wp-content\/uploads\/sites\/3\/2015\/11\/thb-a-300.jpg\" alt=\"thb-aa\" \/>"},"_multiwidget":1},"search":{"2":{"title":""},"_multiwidget":1},"recent-posts":{"2":{"title":"","number":5},"_multiwidget":1},"recent-comments":{"2":{"title":"","number":5},"_multiwidget":1},"archives":{"2":{"title":"","count":0,"dropdown":0},"_multiwidget":1},"categories":{"2":{"title":"","count":0,"hierarchical":0,"dropdown":0},"_multiwidget":1},"tag_cloud":{"2":{"title":"Tags","taxonomy":"post_tag"},"_multiwidget":1},"thb_latestimages_widget":{"3":{"title":"Latest Posts","show":"5"},"2":{"title":"Latest Posts","show":"4"},"_multiwidget":1},"thb_discussedimages_widget":{"3":{"title":"Most Discussed","show":"4"},"_multiwidget":1},"thb_viewedimages_widget":{"2":{"title":"Most Viewed","show":"4"},"_multiwidget":1}}]