[{"home_1":["thb_viewedimages_widget-3","thb_singlead_widget-2","thb_categoryslider_widget-2"],"home_2":["thb_latestimages_widget-3","thb_socialcounter_widget-2","thb_postslider_widget-2","thb_subscribe_widget-2","thb_topreviews_widget-2"],"blog":["thb_viewedimages_widget-2"],"single":["thb_latestimages_widget-2","thb_singlead_widget-3"],"category":["thb_subscribe_widget-3","thb_socialcounter_widget-3"],"author":["thb_featuredvideo_widget-2","thb_categoryslider_widget-3"]},{"thb_viewedimages_widget":{"3":{"title":"Most Viewed","show":"5"},"2":{"title":"Most viewed Posts","show":"5"},"_multiwidget":1},"thb_singlead_widget":{"2":{"ad_code":"<img src=\"http:\/\/goodlife.fuelthemes.net\/wp-content\/uploads\/2015\/10\/thb-336.png\" alt=\"Ad Widget\" \/>"},"3":{"ad_code":"<img src=\"http:\/\/goodlife.fuelthemes.net\/wp-content\/uploads\/2015\/11\/300x600.jpg\" alt=\"Ad Widget\" \/>"},"_multiwidget":1},"thb_categoryslider_widget":{"2":{"title":"Widget Title","show":"3","category":"56"},"3":{"title":"Widget Title","show":"3","category":"85"},"_multiwidget":1},"thb_latestimages_widget":{"3":{"title":"Latest Posts","show":"3"},"2":{"title":"Latest Posts","show":"3","style":"style1"},"_multiwidget":1},"thb_socialcounter_widget":{"2":{"Twitter":"on","Facebook":"on","Instagram":"on","Google":"on","title":"Follow Us"},"3":{"Twitter":"on","Facebook":"on","Instagram":"on","Google":"on"},"_multiwidget":1},"thb_postslider_widget":{"2":{"title":"Post Gallery","ids":"166, 186, 210"},"_multiwidget":1},"thb_subscribe_widget":{"2":{"title":"Subscribe","desc":""},"3":{"title":"Subscribe Today","desc":""},"_multiwidget":1},"thb_topreviews_widget":{"2":{"title":"Top Reviews","show":"4","style":"style1"},"_multiwidget":1},"thb_featuredvideo_widget":{"2":{"title":"Featured Video","video_title":"","embed":"https:\/\/vimeo.com\/96536411"},"_multiwidget":1}}]