[{"home_1":["thb_viewedimages_widget-2","thb_socialcounter_widget-2"],"home_2":["thb_topreviews_widget-2"],"blog":["search-2","recent-posts-2","recent-comments-2","archives-2","categories-2","meta-2"],"single":["tag_cloud-2","thb_latestimages_widget-2","thb_subscribe_widget-2"],"category":["recent-comments-3"],"author":["thb_categoryslider_widget-2"],"footer1":["thb_sharedimages_widget-2"],"footer2":["thb_discussedimages_widget-2"],"footer3":["thb_viewedimages_widget-3"]},{"thb_viewedimages_widget":{"2":{"title":"Most Popular","show":"6"},"3":{"title":"Most Viewed","show":"5"},"_multiwidget":1},"thb_socialcounter_widget":{"2":{"Twitter":"on","Facebook":"on","Instagram":"on","Google":"on"},"_multiwidget":1},"thb_topreviews_widget":{"2":{"title":"Top Reviews","show":"5","style":"style2"},"_multiwidget":1},"search":{"2":{"title":""},"_multiwidget":1},"recent-posts":{"2":{"title":"","number":5},"_multiwidget":1},"recent-comments":{"2":{"title":"","number":5},"3":{"title":"Recent Comments","number":5},"_multiwidget":1},"archives":{"2":{"title":"","count":0,"dropdown":0},"_multiwidget":1},"categories":{"2":{"title":"","count":0,"hierarchical":0,"dropdown":0},"_multiwidget":1},"meta":{"2":{"title":""},"_multiwidget":1},"tag_cloud":{"2":{"title":"Tags","taxonomy":"post_tag"},"_multiwidget":1},"thb_latestimages_widget":{"2":{"title":"Latest Posts","show":"5"},"_multiwidget":1},"thb_subscribe_widget":{"2":{"title":"Subscribe Today","desc":""},"_multiwidget":1},"thb_categoryslider_widget":{"2":{"title":"Widget Title","show":"3","category":"29"},"_multiwidget":1},"thb_sharedimages_widget":{"2":{"title":"Most Shared","show":"5"},"_multiwidget":1},"thb_discussedimages_widget":{"2":{"title":"Most Discussed","show":"5"},"_multiwidget":1}}]