[{"home_1":["thb_subscribe_widget-2","thb_latestimages_widget-2","facebook-likebox-2","categories-3","thb_socialcounter_widget-3"],"blog":["search-2","recent-posts-2","recent-comments-2","archives-2","categories-2","meta-2"]},{"thb_subscribe_widget":{"2":{"title":"Subscribe Today","desc":""},"_multiwidget":1},"thb_latestimages_widget":{"2":{"title":"Latest Posts","show":"3"},"_multiwidget":1},"facebook-likebox":{"2":{"title":"Like us on Facebook","like_args":{"href":"https:\/\/www.facebook.com\/FuelThemes\/","height":130,"show_faces":true,"stream":false,"cover":true}},"_multiwidget":1},"categories":{"3":{"title":"Categories","count":1,"hierarchical":0,"dropdown":0},"2":{"title":"","count":0,"hierarchical":0,"dropdown":0},"_multiwidget":1},"thb_socialcounter_widget":{"3":{"Twitter":"on","Facebook":"on","Instagram":"on","Google":"on"},"_multiwidget":1},"search":{"2":{"title":""},"_multiwidget":1},"recent-posts":{"2":{"title":"","number":5},"_multiwidget":1},"recent-comments":{"2":{"title":"","number":5},"_multiwidget":1},"archives":{"2":{"title":"","count":0,"dropdown":0},"_multiwidget":1},"meta":{"2":{"title":""},"_multiwidget":1}}]